# asset	reason it carries no sidecar
instagram/feed/feed-01-invented-name-s2.png	slide 2 of the 4 slide carousel that is Instagram feed post 1; the caption is on feed-01-invented-name-s1.txt
instagram/feed/feed-01-invented-name-s3.png	slide 3 of the 4 slide carousel that is Instagram feed post 1; the caption is on feed-01-invented-name-s1.txt
instagram/feed/feed-01-invented-name-s4.png	slide 4 of the 4 slide carousel that is Instagram feed post 1; the caption is on feed-01-invented-name-s1.txt
linkedin/carousel/li-c-02-1080x1350.png	page 2 of the 8 page document post that is LinkedIn post 4; the caption is on li-c-01-1080x1350.txt
linkedin/carousel/li-c-03-1080x1350.png	page 3 of the 8 page document post that is LinkedIn post 4; the caption is on li-c-01-1080x1350.txt
linkedin/carousel/li-c-04-1080x1350.png	page 4 of the 8 page document post that is LinkedIn post 4; the caption is on li-c-01-1080x1350.txt
linkedin/carousel/li-c-05-1080x1350.png	page 5 of the 8 page document post that is LinkedIn post 4; the caption is on li-c-01-1080x1350.txt
linkedin/carousel/li-c-06-1080x1350.png	page 6 of the 8 page document post that is LinkedIn post 4; the caption is on li-c-01-1080x1350.txt
linkedin/carousel/li-c-07-1080x1350.png	page 7 of the 8 page document post that is LinkedIn post 4; the caption is on li-c-01-1080x1350.txt
linkedin/carousel/li-c-08-1080x1350.png	page 8 of the 8 page document post that is LinkedIn post 4; the caption is on li-c-01-1080x1350.txt
bilingual/berlin/berlin-de-cover.png	frame 0 of the video master, a cover selection inside the app rather than a post of its own; the caption is on the matching -silent.txt
bilingual/berlin/berlin-en-cover.png	frame 0 of the video master, a cover selection inside the app rather than a post of its own; the caption is on the matching -silent.txt
bilingual/madrid/madrid-en-cover.png	frame 0 of the video master, a cover selection inside the app rather than a post of its own; the caption is on the matching -silent.txt
bilingual/madrid/madrid-es-cover.png	frame 0 of the video master, a cover selection inside the app rather than a post of its own; the caption is on the matching -silent.txt
bilingual/paris/paris-en-cover.png	frame 0 of the video master, a cover selection inside the app rather than a post of its own; the caption is on the matching -silent.txt
bilingual/paris/paris-fr-cover.png	frame 0 of the video master, a cover selection inside the app rather than a post of its own; the caption is on the matching -silent.txt
bilingual/rome/rome-en-cover.png	frame 0 of the video master, a cover selection inside the app rather than a post of its own; the caption is on the matching -silent.txt
bilingual/rome/rome-it-cover.png	frame 0 of the video master, a cover selection inside the app rather than a post of its own; the caption is on the matching -silent.txt
facebook/video/20260729-2200-facebook-cover.png	frame 0 of the video master, a cover selection inside the app rather than a post of its own; the caption is on the matching -silent.txt
facebook/video/20260729-2318-facebook-cover.png	frame 0 of the video master, a cover selection inside the app rather than a post of its own; the caption is on the matching -silent.txt
facebook/video/20260730-0013-facebook-cover.png	frame 0 of the video master, a cover selection inside the app rather than a post of its own; the caption is on the matching -silent.txt
facebook/video/20260730-0113-facebook-cover.png	frame 0 of the video master, a cover selection inside the app rather than a post of its own; the caption is on the matching -silent.txt
facebook/video/20260730-0216-facebook-cover.png	frame 0 of the video master, a cover selection inside the app rather than a post of its own; the caption is on the matching -silent.txt
facebook/video/20260730-0313-facebook-cover.png	frame 0 of the video master, a cover selection inside the app rather than a post of its own; the caption is on the matching -silent.txt
facebook/video/20260730-0413-facebook-cover.png	frame 0 of the video master, a cover selection inside the app rather than a post of its own; the caption is on the matching -silent.txt
facebook/video/20260730-0513-facebook-cover.png	frame 0 of the video master, a cover selection inside the app rather than a post of its own; the caption is on the matching -silent.txt
facebook/video/20260730-0613-facebook-cover.png	frame 0 of the video master, a cover selection inside the app rather than a post of its own; the caption is on the matching -silent.txt
instagram/reels/20260729-2200-instagram-cover.png	frame 0 of the video master, a cover selection inside the app rather than a post of its own; the caption is on the matching -silent.txt
instagram/reels/20260729-2318-instagram-cover.png	frame 0 of the video master, a cover selection inside the app rather than a post of its own; the caption is on the matching -silent.txt
instagram/reels/20260730-0013-instagram-cover.png	frame 0 of the video master, a cover selection inside the app rather than a post of its own; the caption is on the matching -silent.txt
instagram/reels/20260730-0113-instagram-cover.png	frame 0 of the video master, a cover selection inside the app rather than a post of its own; the caption is on the matching -silent.txt
instagram/reels/20260730-0216-instagram-cover.png	frame 0 of the video master, a cover selection inside the app rather than a post of its own; the caption is on the matching -silent.txt
instagram/reels/20260730-0313-instagram-cover.png	frame 0 of the video master, a cover selection inside the app rather than a post of its own; the caption is on the matching -silent.txt
instagram/reels/20260730-0413-instagram-cover.png	frame 0 of the video master, a cover selection inside the app rather than a post of its own; the caption is on the matching -silent.txt
instagram/reels/20260730-0513-instagram-cover.png	frame 0 of the video master, a cover selection inside the app rather than a post of its own; the caption is on the matching -silent.txt
instagram/reels/20260730-0613-instagram-cover.png	frame 0 of the video master, a cover selection inside the app rather than a post of its own; the caption is on the matching -silent.txt
tiktok/video/20260729-2200-tiktok-cover.png	frame 0 of the video master, a cover selection inside the app rather than a post of its own; the caption is on the matching -silent.txt
tiktok/video/20260729-2318-tiktok-cover.png	frame 0 of the video master, a cover selection inside the app rather than a post of its own; the caption is on the matching -silent.txt
tiktok/video/20260730-0013-tiktok-cover.png	frame 0 of the video master, a cover selection inside the app rather than a post of its own; the caption is on the matching -silent.txt
tiktok/video/20260730-0113-tiktok-cover.png	frame 0 of the video master, a cover selection inside the app rather than a post of its own; the caption is on the matching -silent.txt
tiktok/video/20260730-0216-tiktok-cover.png	frame 0 of the video master, a cover selection inside the app rather than a post of its own; the caption is on the matching -silent.txt
tiktok/video/20260730-0313-tiktok-cover.png	frame 0 of the video master, a cover selection inside the app rather than a post of its own; the caption is on the matching -silent.txt
tiktok/video/20260730-0413-tiktok-cover.png	frame 0 of the video master, a cover selection inside the app rather than a post of its own; the caption is on the matching -silent.txt
tiktok/video/20260730-0513-tiktok-cover.png	frame 0 of the video master, a cover selection inside the app rather than a post of its own; the caption is on the matching -silent.txt
tiktok/video/20260730-0613-tiktok-cover.png	frame 0 of the video master, a cover selection inside the app rather than a post of its own; the caption is on the matching -silent.txt
youtube/shorts/20260729-2200-youtube-cover.png	frame 0 of the video master, a cover selection inside the app rather than a post of its own; the caption is on the matching -silent.txt
youtube/shorts/20260729-2318-youtube-cover.png	frame 0 of the video master, a cover selection inside the app rather than a post of its own; the caption is on the matching -silent.txt
youtube/shorts/20260730-0013-youtube-cover.png	frame 0 of the video master, a cover selection inside the app rather than a post of its own; the caption is on the matching -silent.txt
youtube/shorts/20260730-0113-youtube-cover.png	frame 0 of the video master, a cover selection inside the app rather than a post of its own; the caption is on the matching -silent.txt
youtube/shorts/20260730-0216-youtube-cover.png	frame 0 of the video master, a cover selection inside the app rather than a post of its own; the caption is on the matching -silent.txt
youtube/shorts/20260730-0313-youtube-cover.png	frame 0 of the video master, a cover selection inside the app rather than a post of its own; the caption is on the matching -silent.txt
youtube/shorts/20260730-0413-youtube-cover.png	frame 0 of the video master, a cover selection inside the app rather than a post of its own; the caption is on the matching -silent.txt
youtube/shorts/20260730-0513-youtube-cover.png	frame 0 of the video master, a cover selection inside the app rather than a post of its own; the caption is on the matching -silent.txt
youtube/shorts/20260730-0613-youtube-cover.png	frame 0 of the video master, a cover selection inside the app rather than a post of its own; the caption is on the matching -silent.txt
youtube/thumbnails/thumb-20260729-2200-youtube-1280x720.png	custom thumbnail for the Short of the same timestamp, an upload field rather than a post; title, description and tags are the 20260729-2200-youtube-silent sidecars
youtube/thumbnails/thumb-20260729-2318-youtube-1280x720.png	custom thumbnail for the Short of the same timestamp, an upload field rather than a post; title, description and tags are the 20260729-2318-youtube-silent sidecars
youtube/thumbnails/thumb-20260730-0013-youtube-1280x720.png	custom thumbnail for the Short of the same timestamp, an upload field rather than a post; title, description and tags are the 20260730-0013-youtube-silent sidecars
youtube/thumbnails/thumb-20260730-0113-youtube-1280x720.png	custom thumbnail for the Short of the same timestamp, an upload field rather than a post; title, description and tags are the 20260730-0113-youtube-silent sidecars
youtube/thumbnails/thumb-20260730-0216-youtube-1280x720.png	custom thumbnail for the Short of the same timestamp, an upload field rather than a post; title, description and tags are the 20260730-0216-youtube-silent sidecars
youtube/thumbnails/thumb-20260730-0313-youtube-1280x720.png	custom thumbnail for the Short of the same timestamp, an upload field rather than a post; title, description and tags are the 20260730-0313-youtube-silent sidecars
youtube/thumbnails/thumb-20260730-0413-youtube-1280x720.png	custom thumbnail for the Short of the same timestamp, an upload field rather than a post; title, description and tags are the 20260730-0413-youtube-silent sidecars
youtube/thumbnails/thumb-20260730-0513-youtube-1280x720.png	custom thumbnail for the Short of the same timestamp, an upload field rather than a post; title, description and tags are the 20260730-0513-youtube-silent sidecars
youtube/thumbnails/thumb-20260730-0613-youtube-1280x720.png	custom thumbnail for the Short of the same timestamp, an upload field rather than a post; title, description and tags are the 20260730-0613-youtube-silent sidecars
